,codigo_def,categorias
0,A01,Enfermedades infecciosas y parasitarias 
1,A02,Enfermedades infecciosas y parasitarias 
2,A03,Enfermedades infecciosas y parasitarias 
3,A04,Enfermedades infecciosas y parasitarias 
4,A05,Enfermedades infecciosas y parasitarias 
5,A06,Enfermedades infecciosas y parasitarias 
6,A07,Enfermedades infecciosas y parasitarias 
7,A08,Enfermedades infecciosas y parasitarias 
8,A09,Enfermedades infecciosas y parasitarias 
9,A15,Enfermedades infecciosas y parasitarias 
10,A16,Enfermedades infecciosas y parasitarias 
11,A17,Enfermedades infecciosas y parasitarias 
12,A18,Enfermedades infecciosas y parasitarias 
13,A19,Enfermedades infecciosas y parasitarias 
14,A21,Enfermedades infecciosas y parasitarias 
15,A22,Enfermedades infecciosas y parasitarias 
16,A23,Enfermedades infecciosas y parasitarias 
17,A26,Enfermedades infecciosas y parasitarias 
18,A27,Enfermedades infecciosas y parasitarias 
19,A28,Enfermedades infecciosas y parasitarias 
20,A30,Enfermedades infecciosas y parasitarias 
21,A31,Enfermedades infecciosas y parasitarias 
22,A32,Enfermedades infecciosas y parasitarias 
23,A33,Enfermedades infecciosas y parasitarias 
24,A35,Enfermedades infecciosas y parasitarias 
25,A37,Enfermedades infecciosas y parasitarias 
26,A39,Enfermedades infecciosas y parasitarias 
27,A40,Enfermedades infecciosas y parasitarias 
28,A41,Enfermedades infecciosas y parasitarias 
29,A42,Enfermedades infecciosas y parasitarias 
30,A43,Enfermedades infecciosas y parasitarias 
31,A44,Enfermedades infecciosas y parasitarias 
32,A46,Enfermedades infecciosas y parasitarias 
33,A48,Enfermedades infecciosas y parasitarias 
34,A49,Enfermedades infecciosas y parasitarias 
35,A50,Enfermedades infecciosas y parasitarias 
36,A51,Enfermedades infecciosas y parasitarias 
37,A52,Enfermedades infecciosas y parasitarias 
38,A53,Enfermedades infecciosas y parasitarias 
39,A54,Enfermedades infecciosas y parasitarias 
40,A55,Enfermedades infecciosas y parasitarias 
41,A59,Enfermedades infecciosas y parasitarias 
42,A60,Enfermedades infecciosas y parasitarias 
43,A63,Enfermedades infecciosas y parasitarias 
44,A64,Enfermedades infecciosas y parasitarias 
45,A69,Enfermedades infecciosas y parasitarias 
46,A70,Enfermedades infecciosas y parasitarias 
47,A71,Enfermedades infecciosas y parasitarias 
48,A74,Enfermedades infecciosas y parasitarias 
49,A77,Enfermedades infecciosas y parasitarias 
50,A81,Enfermedades infecciosas y parasitarias 
51,A83,Enfermedades infecciosas y parasitarias 
52,A84,Enfermedades infecciosas y parasitarias 
53,A85,Enfermedades infecciosas y parasitarias 
54,A86,Enfermedades infecciosas y parasitarias 
55,A87,Enfermedades infecciosas y parasitarias 
56,A88,Enfermedades infecciosas y parasitarias 
57,A89,Enfermedades infecciosas y parasitarias 
58,A90,Enfermedades infecciosas y parasitarias 
59,A91,Enfermedades infecciosas y parasitarias 
60,A92,Enfermedades infecciosas y parasitarias 
61,A94,Enfermedades infecciosas y parasitarias 
62,A95,Enfermedades infecciosas y parasitarias 
63,A96,Enfermedades infecciosas y parasitarias 
64,A98,Enfermedades infecciosas y parasitarias 
65,A99,Enfermedades infecciosas y parasitarias 
66,B00,Enfermedades infecciosas y parasitarias 
67,B01,Enfermedades infecciosas y parasitarias 
68,B02,Enfermedades infecciosas y parasitarias 
69,B04,Enfermedades infecciosas y parasitarias 
70,B05,Enfermedades infecciosas y parasitarias 
71,B06,Enfermedades infecciosas y parasitarias 
72,B09,Enfermedades infecciosas y parasitarias 
73,B15,Enfermedades infecciosas y parasitarias 
74,B16,Enfermedades infecciosas y parasitarias 
75,B17,Enfermedades infecciosas y parasitarias 
76,B18,Enfermedades infecciosas y parasitarias 
77,B19,Enfermedades infecciosas y parasitarias 
78,B20,Enfermedades infecciosas y parasitarias 
79,B21,Enfermedades infecciosas y parasitarias 
80,B22,Enfermedades infecciosas y parasitarias 
81,B23,Enfermedades infecciosas y parasitarias 
82,B24,Enfermedades infecciosas y parasitarias 
83,B25,Enfermedades infecciosas y parasitarias 
84,B26,Enfermedades infecciosas y parasitarias 
85,B27,Enfermedades infecciosas y parasitarias 
86,B30,Enfermedades infecciosas y parasitarias 
87,B33,Enfermedades infecciosas y parasitarias 
88,B34,Enfermedades infecciosas y parasitarias 
89,B35,Enfermedades infecciosas y parasitarias 
90,B36,Enfermedades infecciosas y parasitarias 
91,B37,Enfermedades infecciosas y parasitarias 
92,B38,Enfermedades infecciosas y parasitarias 
93,B39,Enfermedades infecciosas y parasitarias 
94,B40,Enfermedades infecciosas y parasitarias 
95,B41,Enfermedades infecciosas y parasitarias 
96,B42,Enfermedades infecciosas y parasitarias 
97,B43,Enfermedades infecciosas y parasitarias 
98,B44,Enfermedades infecciosas y parasitarias 
99,B45,Enfermedades infecciosas y parasitarias 
100,B46,Enfermedades infecciosas y parasitarias 
101,B48,Enfermedades infecciosas y parasitarias 
102,B49,Enfermedades infecciosas y parasitarias 
103,B54,Enfermedades infecciosas y parasitarias 
104,B55,Enfermedades infecciosas y parasitarias 
105,B56,Enfermedades infecciosas y parasitarias 
106,B57,Enfermedades infecciosas y parasitarias 
107,B58,Enfermedades infecciosas y parasitarias 
108,B59,Enfermedades infecciosas y parasitarias 
109,B60,Enfermedades infecciosas y parasitarias 
110,B64,Enfermedades infecciosas y parasitarias 
111,B66,Enfermedades infecciosas y parasitarias 
112,B67,Enfermedades infecciosas y parasitarias 
113,B69,Enfermedades infecciosas y parasitarias 
114,B74,Enfermedades infecciosas y parasitarias 
115,B75,Enfermedades infecciosas y parasitarias 
116,B76,Enfermedades infecciosas y parasitarias 
117,B77,Enfermedades infecciosas y parasitarias 
118,B78,Enfermedades infecciosas y parasitarias 
119,B82,Enfermedades infecciosas y parasitarias 
120,B83,Enfermedades infecciosas y parasitarias 
121,B86,Enfermedades infecciosas y parasitarias 
122,B87,Enfermedades infecciosas y parasitarias 
123,B88,Enfermedades infecciosas y parasitarias 
124,B89,Enfermedades infecciosas y parasitarias 
125,B90,Enfermedades infecciosas y parasitarias 
126,B91,Enfermedades infecciosas y parasitarias 
127,B92,Enfermedades infecciosas y parasitarias 
128,B94,Enfermedades infecciosas y parasitarias 
129,B99,Enfermedades infecciosas y parasitarias 
130,C00,Tumores 
131,C01,Tumores 
132,C02,Tumores 
133,C03,Tumores 
134,C04,Tumores 
135,C05,Tumores 
136,C06,Tumores 
137,C07,Tumores 
138,C08,Tumores 
139,C09,Tumores 
140,C10,Tumores 
141,C11,Tumores 
142,C12,Tumores 
143,C13,Tumores 
144,C14,Tumores 
145,C15,Tumores 
146,C16,Tumores 
147,C17,Tumores 
148,C18,Tumores 
149,C19,Tumores 
150,C20,Tumores 
151,C21,Tumores 
152,C22,Tumores 
153,C23,Tumores 
154,C24,Tumores 
155,C25,Tumores 
156,C26,Tumores 
157,C30,Tumores 
158,C31,Tumores 
159,C32,Tumores 
160,C33,Tumores 
161,C34,Tumores 
162,C37,Tumores 
163,C38,Tumores 
164,C39,Tumores 
165,C40,Tumores 
166,C41,Tumores 
167,C43,Tumores 
168,C44,Tumores 
169,C45,Tumores 
170,C46,Tumores 
171,C47,Tumores 
172,C48,Tumores 
173,C49,Tumores 
174,C50,Tumores 
175,C51,Tumores 
176,C52,Tumores 
177,C53,Tumores 
178,C54,Tumores 
179,C55,Tumores 
180,C56,Tumores 
181,C57,Tumores 
182,C58,Tumores 
183,C60,Tumores 
184,C61,Tumores 
185,C62,Tumores 
186,C63,Tumores 
187,C64,Tumores 
188,C65,Tumores 
189,C66,Tumores 
190,C67,Tumores 
191,C68,Tumores 
192,C69,Tumores 
193,C70,Tumores 
194,C71,Tumores 
195,C72,Tumores 
196,C73,Tumores 
197,C74,Tumores 
198,C75,Tumores 
199,C76,Tumores 
200,C77,Tumores 
201,C78,Tumores 
202,C79,Tumores 
203,C80,Tumores 
204,C81,Tumores 
205,C82,Tumores 
206,C83,Tumores 
207,C84,Tumores 
208,C85,Tumores 
209,C86,Tumores 
210,C88,Tumores 
211,C90,Tumores 
212,C91,Tumores 
213,C92,Tumores 
214,C93,Tumores 
215,C94,Tumores 
216,C95,Tumores 
217,C96,Tumores 
218,C97,Tumores 
219,D00,Tumores 
220,D01,Tumores 
221,D02,Tumores 
222,D03,Tumores 
223,D04,Tumores 
224,D05,Tumores 
225,D06,Tumores 
226,D07,Tumores 
227,D09,Tumores 
228,D10,Tumores 
229,D11,Tumores 
230,D12,Tumores 
231,D13,Tumores 
232,D14,Tumores 
233,D15,Tumores 
234,D16,Tumores 
235,D17,Tumores 
236,D18,Tumores 
237,D19,Tumores 
238,D20,Tumores 
239,D21,Tumores 
240,D22,Tumores 
241,D23,Tumores 
242,D24,Tumores 
243,D25,Tumores 
244,D26,Tumores 
245,D27,Tumores 
246,D28,Tumores 
247,D29,Tumores 
248,D30,Tumores 
249,D31,Tumores 
250,D32,Tumores 
251,D33,Tumores 
252,D34,Tumores 
253,D35,Tumores 
254,D36,Tumores 
255,D37,Tumores 
256,D38,Tumores 
257,D39,Tumores 
258,D40,Tumores 
259,D41,Tumores 
260,D42,Tumores 
261,D43,Tumores 
262,D44,Tumores 
263,D45,Tumores 
264,D46,Tumores 
265,D47,Tumores 
266,D48,Tumores 
267,D50,"Enfermedades de la sangre y de los órganos hematopoyéticos, y ciertos trastornos que afectan al mecanismo de la inmunidad "
268,D51,"Enfermedades de la sangre y de los órganos hematopoyéticos, y ciertos trastornos que afectan al mecanismo de la inmunidad "
269,D52,"Enfermedades de la sangre y de los órganos hematopoyéticos, y ciertos trastornos que afectan al mecanismo de la inmunidad "
270,D53,"Enfermedades de la sangre y de los órganos hematopoyéticos, y ciertos trastornos que afectan al mecanismo de la inmunidad "
271,D55,"Enfermedades de la sangre y de los órganos hematopoyéticos, y ciertos trastornos que afectan al mecanismo de la inmunidad "
272,D56,"Enfermedades de la sangre y de los órganos hematopoyéticos, y ciertos trastornos que afectan al mecanismo de la inmunidad "
273,D57,"Enfermedades de la sangre y de los órganos hematopoyéticos, y ciertos trastornos que afectan al mecanismo de la inmunidad "
274,D58,"Enfermedades de la sangre y de los órganos hematopoyéticos, y ciertos trastornos que afectan al mecanismo de la inmunidad "
275,D59,"Enfermedades de la sangre y de los órganos hematopoyéticos, y ciertos trastornos que afectan al mecanismo de la inmunidad "
276,D60,"Enfermedades de la sangre y de los órganos hematopoyéticos, y ciertos trastornos que afectan al mecanismo de la inmunidad "
277,D61,"Enfermedades de la sangre y de los órganos hematopoyéticos, y ciertos trastornos que afectan al mecanismo de la inmunidad "
278,D62,"Enfermedades de la sangre y de los órganos hematopoyéticos, y ciertos trastornos que afectan al mecanismo de la inmunidad "
279,D64,"Enfermedades de la sangre y de los órganos hematopoyéticos, y ciertos trastornos que afectan al mecanismo de la inmunidad "
280,D65,"Enfermedades de la sangre y de los órganos hematopoyéticos, y ciertos trastornos que afectan al mecanismo de la inmunidad "
281,D66,"Enfermedades de la sangre y de los órganos hematopoyéticos, y ciertos trastornos que afectan al mecanismo de la inmunidad "
282,D67,"Enfermedades de la sangre y de los órganos hematopoyéticos, y ciertos trastornos que afectan al mecanismo de la inmunidad "
283,D68,"Enfermedades de la sangre y de los órganos hematopoyéticos, y ciertos trastornos que afectan al mecanismo de la inmunidad "
284,D69,"Enfermedades de la sangre y de los órganos hematopoyéticos, y ciertos trastornos que afectan al mecanismo de la inmunidad "
285,D70,"Enfermedades de la sangre y de los órganos hematopoyéticos, y ciertos trastornos que afectan al mecanismo de la inmunidad "
286,D71,"Enfermedades de la sangre y de los órganos hematopoyéticos, y ciertos trastornos que afectan al mecanismo de la inmunidad "
287,D72,"Enfermedades de la sangre y de los órganos hematopoyéticos, y ciertos trastornos que afectan al mecanismo de la inmunidad "
288,D73,"Enfermedades de la sangre y de los órganos hematopoyéticos, y ciertos trastornos que afectan al mecanismo de la inmunidad "
289,D74,"Enfermedades de la sangre y de los órganos hematopoyéticos, y ciertos trastornos que afectan al mecanismo de la inmunidad "
290,D75,"Enfermedades de la sangre y de los órganos hematopoyéticos, y ciertos trastornos que afectan al mecanismo de la inmunidad "
291,D76,"Enfermedades de la sangre y de los órganos hematopoyéticos, y ciertos trastornos que afectan al mecanismo de la inmunidad "
292,D80,"Enfermedades de la sangre y de los órganos hematopoyéticos, y ciertos trastornos que afectan al mecanismo de la inmunidad "
293,D81,"Enfermedades de la sangre y de los órganos hematopoyéticos, y ciertos trastornos que afectan al mecanismo de la inmunidad "
294,D82,"Enfermedades de la sangre y de los órganos hematopoyéticos, y ciertos trastornos que afectan al mecanismo de la inmunidad "
295,D83,"Enfermedades de la sangre y de los órganos hematopoyéticos, y ciertos trastornos que afectan al mecanismo de la inmunidad "
296,D84,"Enfermedades de la sangre y de los órganos hematopoyéticos, y ciertos trastornos que afectan al mecanismo de la inmunidad "
297,D86,"Enfermedades de la sangre y de los órganos hematopoyéticos, y ciertos trastornos que afectan al mecanismo de la inmunidad "
298,D89,"Enfermedades de la sangre y de los órganos hematopoyéticos, y ciertos trastornos que afectan al mecanismo de la inmunidad "
299,E00,"Enfermedades endocrinas, nutricionales y metabólicas "
300,E01,"Enfermedades endocrinas, nutricionales y metabólicas "
301,E03,"Enfermedades endocrinas, nutricionales y metabólicas "
302,E04,"Enfermedades endocrinas, nutricionales y metabólicas "
303,E05,"Enfermedades endocrinas, nutricionales y metabólicas "
304,E06,"Enfermedades endocrinas, nutricionales y metabólicas "
305,E07,"Enfermedades endocrinas, nutricionales y metabólicas "
306,E10,"Enfermedades endocrinas, nutricionales y metabólicas "
307,E11,"Enfermedades endocrinas, nutricionales y metabólicas "
308,E12,"Enfermedades endocrinas, nutricionales y metabólicas "
309,E13,"Enfermedades endocrinas, nutricionales y metabólicas "
310,E14,"Enfermedades endocrinas, nutricionales y metabólicas "
311,E15,"Enfermedades endocrinas, nutricionales y metabólicas "
312,E16,"Enfermedades endocrinas, nutricionales y metabólicas "
313,E20,"Enfermedades endocrinas, nutricionales y metabólicas "
314,E21,"Enfermedades endocrinas, nutricionales y metabólicas "
315,E22,"Enfermedades endocrinas, nutricionales y metabólicas "
316,E23,"Enfermedades endocrinas, nutricionales y metabólicas "
317,E24,"Enfermedades endocrinas, nutricionales y metabólicas "
318,E25,"Enfermedades endocrinas, nutricionales y metabólicas "
319,E26,"Enfermedades endocrinas, nutricionales y metabólicas "
320,E27,"Enfermedades endocrinas, nutricionales y metabólicas "
321,E28,"Enfermedades endocrinas, nutricionales y metabólicas "
322,E30,"Enfermedades endocrinas, nutricionales y metabólicas "
323,E31,"Enfermedades endocrinas, nutricionales y metabólicas "
324,E32,"Enfermedades endocrinas, nutricionales y metabólicas "
325,E34,"Enfermedades endocrinas, nutricionales y metabólicas "
326,E40,"Enfermedades endocrinas, nutricionales y metabólicas "
327,E41,"Enfermedades endocrinas, nutricionales y metabólicas "
328,E42,"Enfermedades endocrinas, nutricionales y metabólicas "
329,E43,"Enfermedades endocrinas, nutricionales y metabólicas "
330,E44,"Enfermedades endocrinas, nutricionales y metabólicas "
331,E45,"Enfermedades endocrinas, nutricionales y metabólicas "
332,E46,"Enfermedades endocrinas, nutricionales y metabólicas "
333,E50,"Enfermedades endocrinas, nutricionales y metabólicas "
334,E51,"Enfermedades endocrinas, nutricionales y metabólicas "
335,E52,"Enfermedades endocrinas, nutricionales y metabólicas "
336,E53,"Enfermedades endocrinas, nutricionales y metabólicas "
337,E55,"Enfermedades endocrinas, nutricionales y metabólicas "
338,E56,"Enfermedades endocrinas, nutricionales y metabólicas "
339,E61,"Enfermedades endocrinas, nutricionales y metabólicas "
340,E63,"Enfermedades endocrinas, nutricionales y metabólicas "
341,E64,"Enfermedades endocrinas, nutricionales y metabólicas "
342,E66,"Enfermedades endocrinas, nutricionales y metabólicas "
343,E67,"Enfermedades endocrinas, nutricionales y metabólicas "
344,E70,"Enfermedades endocrinas, nutricionales y metabólicas "
345,E71,"Enfermedades endocrinas, nutricionales y metabólicas "
346,E72,"Enfermedades endocrinas, nutricionales y metabólicas "
347,E74,"Enfermedades endocrinas, nutricionales y metabólicas "
348,E75,"Enfermedades endocrinas, nutricionales y metabólicas "
349,E76,"Enfermedades endocrinas, nutricionales y metabólicas "
350,E77,"Enfermedades endocrinas, nutricionales y metabólicas "
351,E78,"Enfermedades endocrinas, nutricionales y metabólicas "
352,E79,"Enfermedades endocrinas, nutricionales y metabólicas "
353,E80,"Enfermedades endocrinas, nutricionales y metabólicas "
354,E83,"Enfermedades endocrinas, nutricionales y metabólicas "
355,E84,"Enfermedades endocrinas, nutricionales y metabólicas "
356,E85,"Enfermedades endocrinas, nutricionales y metabólicas "
357,E86,"Enfermedades endocrinas, nutricionales y metabólicas "
358,E87,"Enfermedades endocrinas, nutricionales y metabólicas "
359,E88,"Enfermedades endocrinas, nutricionales y metabólicas "
360,F01,Trastornos mentales
361,F03,Trastornos mentales
362,F04,Trastornos mentales
363,F05,Trastornos mentales
364,F06,Trastornos mentales
365,F07,Trastornos mentales
366,F09,Trastornos mentales
367,F10,Trastornos mentales
368,F11,Trastornos mentales
369,F12,Trastornos mentales
370,F13,Trastornos mentales
371,F14,Trastornos mentales
372,F16,Trastornos mentales
373,F17,Trastornos mentales
374,F18,Trastornos mentales
375,F19,Trastornos mentales
376,F20,Trastornos mentales
377,F21,Trastornos mentales
378,F22,Trastornos mentales
379,F23,Trastornos mentales
380,F25,Trastornos mentales
381,F28,Trastornos mentales
382,F29,Trastornos mentales
383,F30,Trastornos mentales
384,F31,Trastornos mentales
385,F32,Trastornos mentales
386,F33,Trastornos mentales
387,F34,Trastornos mentales
388,F38,Trastornos mentales
389,F39,Trastornos mentales
390,F40,Trastornos mentales
391,F41,Trastornos mentales
392,F42,Trastornos mentales
393,F43,Trastornos mentales
394,F44,Trastornos mentales
395,F45,Trastornos mentales
396,F48,Trastornos mentales
397,F50,Trastornos mentales
398,F51,Trastornos mentales
399,F60,Trastornos mentales
400,F62,Trastornos mentales
401,F65,Trastornos mentales
402,F66,Trastornos mentales
403,F68,Trastornos mentales
404,F70,Trastornos mentales
405,F71,Trastornos mentales
406,F72,Trastornos mentales
407,F73,Trastornos mentales
408,F78,Trastornos mentales
409,F79,Trastornos mentales
410,F82,Trastornos mentales
411,F84,Trastornos mentales
412,F89,Trastornos mentales
413,F99,Trastornos mentales
414,G00,Enfermedades del sistema nervioso y de los órganos de los sentidos  
415,G03,Enfermedades del sistema nervioso y de los órganos de los sentidos  
416,G04,Enfermedades del sistema nervioso y de los órganos de los sentidos  
417,G06,Enfermedades del sistema nervioso y de los órganos de los sentidos  
418,G08,Enfermedades del sistema nervioso y de los órganos de los sentidos  
419,G09,Enfermedades del sistema nervioso y de los órganos de los sentidos  
420,G10,Enfermedades del sistema nervioso y de los órganos de los sentidos  
421,G11,Enfermedades del sistema nervioso y de los órganos de los sentidos  
422,G12,Enfermedades del sistema nervioso y de los órganos de los sentidos  
423,G20,Enfermedades del sistema nervioso y de los órganos de los sentidos  
424,G21,Enfermedades del sistema nervioso y de los órganos de los sentidos  
425,G23,Enfermedades del sistema nervioso y de los órganos de los sentidos  
426,G24,Enfermedades del sistema nervioso y de los órganos de los sentidos  
427,G25,Enfermedades del sistema nervioso y de los órganos de los sentidos  
428,G30,Enfermedades del sistema nervioso y de los órganos de los sentidos  
429,G31,Enfermedades del sistema nervioso y de los órganos de los sentidos  
430,G35,Enfermedades del sistema nervioso y de los órganos de los sentidos  
431,G36,Enfermedades del sistema nervioso y de los órganos de los sentidos  
432,G37,Enfermedades del sistema nervioso y de los órganos de los sentidos  
433,G40,Enfermedades del sistema nervioso y de los órganos de los sentidos  
434,G41,Enfermedades del sistema nervioso y de los órganos de los sentidos  
435,G43,Enfermedades del sistema nervioso y de los órganos de los sentidos  
436,G44,Enfermedades del sistema nervioso y de los órganos de los sentidos  
437,G45,Enfermedades del sistema nervioso y de los órganos de los sentidos  
438,G47,Enfermedades del sistema nervioso y de los órganos de los sentidos  
439,G50,Enfermedades del sistema nervioso y de los órganos de los sentidos  
440,G51,Enfermedades del sistema nervioso y de los órganos de los sentidos  
441,G52,Enfermedades del sistema nervioso y de los órganos de los sentidos  
442,G54,Enfermedades del sistema nervioso y de los órganos de los sentidos  
443,G56,Enfermedades del sistema nervioso y de los órganos de los sentidos  
444,G57,Enfermedades del sistema nervioso y de los órganos de los sentidos  
445,G58,Enfermedades del sistema nervioso y de los órganos de los sentidos  
446,G60,Enfermedades del sistema nervioso y de los órganos de los sentidos  
447,G61,Enfermedades del sistema nervioso y de los órganos de los sentidos  
448,G62,Enfermedades del sistema nervioso y de los órganos de los sentidos  
449,G64,Enfermedades del sistema nervioso y de los órganos de los sentidos  
450,G70,Enfermedades del sistema nervioso y de los órganos de los sentidos  
451,G71,Enfermedades del sistema nervioso y de los órganos de los sentidos  
452,G72,Enfermedades del sistema nervioso y de los órganos de los sentidos  
453,G80,Enfermedades del sistema nervioso y de los órganos de los sentidos  
454,G81,Enfermedades del sistema nervioso y de los órganos de los sentidos  
455,G82,Enfermedades del sistema nervioso y de los órganos de los sentidos  
456,G83,Enfermedades del sistema nervioso y de los órganos de los sentidos  
457,G90,Enfermedades del sistema nervioso y de los órganos de los sentidos  
458,G91,Enfermedades del sistema nervioso y de los órganos de los sentidos  
459,G92,Enfermedades del sistema nervioso y de los órganos de los sentidos  
460,G93,Enfermedades del sistema nervioso y de los órganos de los sentidos  
461,G95,Enfermedades del sistema nervioso y de los órganos de los sentidos  
462,G96,Enfermedades del sistema nervioso y de los órganos de los sentidos  
463,G98,Enfermedades del sistema nervioso y de los órganos de los sentidos  
464,H04,Enfermedades del sistema nervioso y de los órganos de los sentidos  
465,H05,Enfermedades del sistema nervioso y de los órganos de los sentidos  
466,H11,Enfermedades del sistema nervioso y de los órganos de los sentidos  
467,H15,Enfermedades del sistema nervioso y de los órganos de los sentidos  
468,H16,Enfermedades del sistema nervioso y de los órganos de los sentidos  
469,H18,Enfermedades del sistema nervioso y de los órganos de los sentidos  
470,H20,Enfermedades del sistema nervioso y de los órganos de los sentidos  
471,H31,Enfermedades del sistema nervioso y de los órganos de los sentidos  
472,H44,Enfermedades del sistema nervioso y de los órganos de los sentidos  
473,H49,Enfermedades del sistema nervioso y de los órganos de los sentidos  
474,H60,Enfermedades del sistema nervioso y de los órganos de los sentidos  
475,H65,Enfermedades del sistema nervioso y de los órganos de los sentidos  
476,H66,Enfermedades del sistema nervioso y de los órganos de los sentidos  
477,H70,Enfermedades del sistema nervioso y de los órganos de los sentidos  
478,H72,Enfermedades del sistema nervioso y de los órganos de los sentidos  
479,H81,Enfermedades del sistema nervioso y de los órganos de los sentidos  
480,I00,Enfermedades del aparato circulatorio
481,I01,Enfermedades del aparato circulatorio
482,I02,Enfermedades del aparato circulatorio
483,I05,Enfermedades del aparato circulatorio
484,I06,Enfermedades del aparato circulatorio
485,I07,Enfermedades del aparato circulatorio
486,I08,Enfermedades del aparato circulatorio
487,I09,Enfermedades del aparato circulatorio
488,I10,Enfermedades del aparato circulatorio
489,I11,Enfermedades del aparato circulatorio
490,I12,Enfermedades del aparato circulatorio
491,I13,Enfermedades del aparato circulatorio
492,I15,Enfermedades del aparato circulatorio
493,I20,Enfermedades del aparato circulatorio
494,I21,Enfermedades del aparato circulatorio
495,I22,Enfermedades del aparato circulatorio
496,I24,Enfermedades del aparato circulatorio
497,I25,Enfermedades del aparato circulatorio
498,I26,Enfermedades del aparato circulatorio
499,I27,Enfermedades del aparato circulatorio
500,I28,Enfermedades del aparato circulatorio
501,I30,Enfermedades del aparato circulatorio
502,I31,Enfermedades del aparato circulatorio
503,I33,Enfermedades del aparato circulatorio
504,I34,Enfermedades del aparato circulatorio
505,I35,Enfermedades del aparato circulatorio
506,I36,Enfermedades del aparato circulatorio
507,I37,Enfermedades del aparato circulatorio
508,I38,Enfermedades del aparato circulatorio
509,I40,Enfermedades del aparato circulatorio
510,I42,Enfermedades del aparato circulatorio
511,I44,Enfermedades del aparato circulatorio
512,I45,Enfermedades del aparato circulatorio
513,I46,Enfermedades del aparato circulatorio
514,I47,Enfermedades del aparato circulatorio
515,I48,Enfermedades del aparato circulatorio
516,I49,Enfermedades del aparato circulatorio
517,I50,Enfermedades del aparato circulatorio
518,I51,Enfermedades del aparato circulatorio
519,I60,Enfermedades del aparato circulatorio
520,I61,Enfermedades del aparato circulatorio
521,I62,Enfermedades del aparato circulatorio
522,I63,Enfermedades del aparato circulatorio
523,I64,Enfermedades del aparato circulatorio
524,I67,Enfermedades del aparato circulatorio
525,I69,Enfermedades del aparato circulatorio
526,I70,Enfermedades del aparato circulatorio
527,I71,Enfermedades del aparato circulatorio
528,I72,Enfermedades del aparato circulatorio
529,I73,Enfermedades del aparato circulatorio
530,I74,Enfermedades del aparato circulatorio
531,I77,Enfermedades del aparato circulatorio
532,I78,Enfermedades del aparato circulatorio
533,I80,Enfermedades del aparato circulatorio
534,I81,Enfermedades del aparato circulatorio
535,I82,Enfermedades del aparato circulatorio
536,I83,Enfermedades del aparato circulatorio
537,I84,Enfermedades del aparato circulatorio
538,I85,Enfermedades del aparato circulatorio
539,I86,Enfermedades del aparato circulatorio
540,I87,Enfermedades del aparato circulatorio
541,I88,Enfermedades del aparato circulatorio
542,I89,Enfermedades del aparato circulatorio
543,I95,Enfermedades del aparato circulatorio
544,I99,Enfermedades del aparato circulatorio
545,J00,Enfermedades del aparato respiratorio
546,J01,Enfermedades del aparato respiratorio
547,J02,Enfermedades del aparato respiratorio
548,J03,Enfermedades del aparato respiratorio
549,J04,Enfermedades del aparato respiratorio
550,J05,Enfermedades del aparato respiratorio
551,J06,Enfermedades del aparato respiratorio
552,J09,Enfermedades del aparato respiratorio
553,J10,Enfermedades del aparato respiratorio
554,J11,Enfermedades del aparato respiratorio
555,J12,Enfermedades del aparato respiratorio
556,J13,Enfermedades del aparato respiratorio
557,J14,Enfermedades del aparato respiratorio
558,J15,Enfermedades del aparato respiratorio
559,J16,Enfermedades del aparato respiratorio
560,J18,Enfermedades del aparato respiratorio
561,J20,Enfermedades del aparato respiratorio
562,J21,Enfermedades del aparato respiratorio
563,J22,Enfermedades del aparato respiratorio
564,J30,Enfermedades del aparato respiratorio
565,J31,Enfermedades del aparato respiratorio
566,J32,Enfermedades del aparato respiratorio
567,J33,Enfermedades del aparato respiratorio
568,J34,Enfermedades del aparato respiratorio
569,J35,Enfermedades del aparato respiratorio
570,J36,Enfermedades del aparato respiratorio
571,J38,Enfermedades del aparato respiratorio
572,J39,Enfermedades del aparato respiratorio
573,J40,Enfermedades del aparato respiratorio
574,J41,Enfermedades del aparato respiratorio
575,J42,Enfermedades del aparato respiratorio
576,J43,Enfermedades del aparato respiratorio
577,J44,Enfermedades del aparato respiratorio
578,J45,Enfermedades del aparato respiratorio
579,J46,Enfermedades del aparato respiratorio
580,J47,Enfermedades del aparato respiratorio
581,J60,Enfermedades del aparato respiratorio
582,J61,Enfermedades del aparato respiratorio
583,J62,Enfermedades del aparato respiratorio
584,J63,Enfermedades del aparato respiratorio
585,J64,Enfermedades del aparato respiratorio
586,J65,Enfermedades del aparato respiratorio
587,J66,Enfermedades del aparato respiratorio
588,J67,Enfermedades del aparato respiratorio
589,J68,Enfermedades del aparato respiratorio
590,J69,Enfermedades del aparato respiratorio
591,J70,Enfermedades del aparato respiratorio
592,J80,Enfermedades del aparato respiratorio
593,J81,Enfermedades del aparato respiratorio
594,J82,Enfermedades del aparato respiratorio
595,J84,Enfermedades del aparato respiratorio
596,J85,Enfermedades del aparato respiratorio
597,J86,Enfermedades del aparato respiratorio
598,J90,Enfermedades del aparato respiratorio
599,J92,Enfermedades del aparato respiratorio
600,J93,Enfermedades del aparato respiratorio
601,J94,Enfermedades del aparato respiratorio
602,J96,Enfermedades del aparato respiratorio
603,J98,Enfermedades del aparato respiratorio
604,K02,Enfermedades del aparato digestivo
605,K03,Enfermedades del aparato digestivo
606,K04,Enfermedades del aparato digestivo
607,K05,Enfermedades del aparato digestivo
608,K07,Enfermedades del aparato digestivo
609,K08,Enfermedades del aparato digestivo
610,K09,Enfermedades del aparato digestivo
611,K10,Enfermedades del aparato digestivo
612,K11,Enfermedades del aparato digestivo
613,K12,Enfermedades del aparato digestivo
614,K13,Enfermedades del aparato digestivo
615,K14,Enfermedades del aparato digestivo
616,K20,Enfermedades del aparato digestivo
617,K21,Enfermedades del aparato digestivo
618,K22,Enfermedades del aparato digestivo
619,K25,Enfermedades del aparato digestivo
620,K26,Enfermedades del aparato digestivo
621,K27,Enfermedades del aparato digestivo
622,K28,Enfermedades del aparato digestivo
623,K29,Enfermedades del aparato digestivo
624,K30,Enfermedades del aparato digestivo
625,K31,Enfermedades del aparato digestivo
626,K35,Enfermedades del aparato digestivo
627,K36,Enfermedades del aparato digestivo
628,K37,Enfermedades del aparato digestivo
629,K38,Enfermedades del aparato digestivo
630,K40,Enfermedades del aparato digestivo
631,K41,Enfermedades del aparato digestivo
632,K42,Enfermedades del aparato digestivo
633,K43,Enfermedades del aparato digestivo
634,K44,Enfermedades del aparato digestivo
635,K45,Enfermedades del aparato digestivo
636,K46,Enfermedades del aparato digestivo
637,K50,Enfermedades del aparato digestivo
638,K51,Enfermedades del aparato digestivo
639,K52,Enfermedades del aparato digestivo
640,K55,Enfermedades del aparato digestivo
641,K56,Enfermedades del aparato digestivo
642,K57,Enfermedades del aparato digestivo
643,K58,Enfermedades del aparato digestivo
644,K59,Enfermedades del aparato digestivo
645,K60,Enfermedades del aparato digestivo
646,K61,Enfermedades del aparato digestivo
647,K62,Enfermedades del aparato digestivo
648,K63,Enfermedades del aparato digestivo
649,K64,Enfermedades del aparato digestivo
650,K65,Enfermedades del aparato digestivo
651,K66,Enfermedades del aparato digestivo
652,K70,Enfermedades del aparato digestivo
653,K71,Enfermedades del aparato digestivo
654,K72,Enfermedades del aparato digestivo
655,K73,Enfermedades del aparato digestivo
656,K74,Enfermedades del aparato digestivo
657,K75,Enfermedades del aparato digestivo
658,K76,Enfermedades del aparato digestivo
659,K80,Enfermedades del aparato digestivo
660,K81,Enfermedades del aparato digestivo
661,K82,Enfermedades del aparato digestivo
662,K83,Enfermedades del aparato digestivo
663,K85,Enfermedades del aparato digestivo
664,K86,Enfermedades del aparato digestivo
665,K90,Enfermedades del aparato digestivo
666,K92,Enfermedades del aparato digestivo
667,L00,Enfermedades de la piel y del tejido subcutáneo 
668,L01,Enfermedades de la piel y del tejido subcutáneo 
669,L02,Enfermedades de la piel y del tejido subcutáneo 
670,L03,Enfermedades de la piel y del tejido subcutáneo 
671,L04,Enfermedades de la piel y del tejido subcutáneo 
672,L05,Enfermedades de la piel y del tejido subcutáneo 
673,L08,Enfermedades de la piel y del tejido subcutáneo 
674,L10,Enfermedades de la piel y del tejido subcutáneo 
675,L11,Enfermedades de la piel y del tejido subcutáneo 
676,L12,Enfermedades de la piel y del tejido subcutáneo 
677,L13,Enfermedades de la piel y del tejido subcutáneo 
678,L20,Enfermedades de la piel y del tejido subcutáneo 
679,L21,Enfermedades de la piel y del tejido subcutáneo 
680,L24,Enfermedades de la piel y del tejido subcutáneo 
681,L25,Enfermedades de la piel y del tejido subcutáneo 
682,L26,Enfermedades de la piel y del tejido subcutáneo 
683,L27,Enfermedades de la piel y del tejido subcutáneo 
684,L28,Enfermedades de la piel y del tejido subcutáneo 
685,L29,Enfermedades de la piel y del tejido subcutáneo 
686,L30,Enfermedades de la piel y del tejido subcutáneo 
687,L40,Enfermedades de la piel y del tejido subcutáneo 
688,L41,Enfermedades de la piel y del tejido subcutáneo 
689,L42,Enfermedades de la piel y del tejido subcutáneo 
690,L44,Enfermedades de la piel y del tejido subcutáneo 
691,L50,Enfermedades de la piel y del tejido subcutáneo 
692,L51,Enfermedades de la piel y del tejido subcutáneo 
693,L52,Enfermedades de la piel y del tejido subcutáneo 
694,L53,Enfermedades de la piel y del tejido subcutáneo 
695,L57,Enfermedades de la piel y del tejido subcutáneo 
696,L58,Enfermedades de la piel y del tejido subcutáneo 
697,L59,Enfermedades de la piel y del tejido subcutáneo 
698,L60,Enfermedades de la piel y del tejido subcutáneo 
699,L63,Enfermedades de la piel y del tejido subcutáneo 
700,L65,Enfermedades de la piel y del tejido subcutáneo 
701,L66,Enfermedades de la piel y del tejido subcutáneo 
702,L67,Enfermedades de la piel y del tejido subcutáneo 
703,L68,Enfermedades de la piel y del tejido subcutáneo 
704,L70,Enfermedades de la piel y del tejido subcutáneo 
705,L71,Enfermedades de la piel y del tejido subcutáneo 
706,L72,Enfermedades de la piel y del tejido subcutáneo 
707,L73,Enfermedades de la piel y del tejido subcutáneo 
708,L75,Enfermedades de la piel y del tejido subcutáneo 
709,L80,Enfermedades de la piel y del tejido subcutáneo 
710,L81,Enfermedades de la piel y del tejido subcutáneo 
711,L83,Enfermedades de la piel y del tejido subcutáneo 
712,L84,Enfermedades de la piel y del tejido subcutáneo 
713,L85,Enfermedades de la piel y del tejido subcutáneo 
714,L88,Enfermedades de la piel y del tejido subcutáneo 
715,L89,Enfermedades de la piel y del tejido subcutáneo 
716,L90,Enfermedades de la piel y del tejido subcutáneo 
717,L92,Enfermedades de la piel y del tejido subcutáneo 
718,L93,Enfermedades de la piel y del tejido subcutáneo 
719,L94,Enfermedades de la piel y del tejido subcutáneo 
720,L95,Enfermedades de la piel y del tejido subcutáneo 
721,L97,Enfermedades de la piel y del tejido subcutáneo 
722,L98,Enfermedades de la piel y del tejido subcutáneo 
723,M00,Enfermedades del sistema osteomuscular y del tejido conjuntivo
724,M02,Enfermedades del sistema osteomuscular y del tejido conjuntivo
725,M05,Enfermedades del sistema osteomuscular y del tejido conjuntivo
726,M06,Enfermedades del sistema osteomuscular y del tejido conjuntivo
727,M08,Enfermedades del sistema osteomuscular y del tejido conjuntivo
728,M10,Enfermedades del sistema osteomuscular y del tejido conjuntivo
729,M11,Enfermedades del sistema osteomuscular y del tejido conjuntivo
730,M12,Enfermedades del sistema osteomuscular y del tejido conjuntivo
731,M13,Enfermedades del sistema osteomuscular y del tejido conjuntivo
732,M15,Enfermedades del sistema osteomuscular y del tejido conjuntivo
733,M16,Enfermedades del sistema osteomuscular y del tejido conjuntivo
734,M17,Enfermedades del sistema osteomuscular y del tejido conjuntivo
735,M18,Enfermedades del sistema osteomuscular y del tejido conjuntivo
736,M19,Enfermedades del sistema osteomuscular y del tejido conjuntivo
737,M20,Enfermedades del sistema osteomuscular y del tejido conjuntivo
738,M21,Enfermedades del sistema osteomuscular y del tejido conjuntivo
739,M22,Enfermedades del sistema osteomuscular y del tejido conjuntivo
740,M23,Enfermedades del sistema osteomuscular y del tejido conjuntivo
741,M24,Enfermedades del sistema osteomuscular y del tejido conjuntivo
742,M25,Enfermedades del sistema osteomuscular y del tejido conjuntivo
743,M30,Enfermedades del sistema osteomuscular y del tejido conjuntivo
744,M31,Enfermedades del sistema osteomuscular y del tejido conjuntivo
745,M32,Enfermedades del sistema osteomuscular y del tejido conjuntivo
746,M33,Enfermedades del sistema osteomuscular y del tejido conjuntivo
747,M34,Enfermedades del sistema osteomuscular y del tejido conjuntivo
748,M35,Enfermedades del sistema osteomuscular y del tejido conjuntivo
749,M40,Enfermedades del sistema osteomuscular y del tejido conjuntivo
750,M41,Enfermedades del sistema osteomuscular y del tejido conjuntivo
751,M42,Enfermedades del sistema osteomuscular y del tejido conjuntivo
752,M43,Enfermedades del sistema osteomuscular y del tejido conjuntivo
753,M45,Enfermedades del sistema osteomuscular y del tejido conjuntivo
754,M46,Enfermedades del sistema osteomuscular y del tejido conjuntivo
755,M47,Enfermedades del sistema osteomuscular y del tejido conjuntivo
756,M48,Enfermedades del sistema osteomuscular y del tejido conjuntivo
757,M50,Enfermedades del sistema osteomuscular y del tejido conjuntivo
758,M51,Enfermedades del sistema osteomuscular y del tejido conjuntivo
759,M53,Enfermedades del sistema osteomuscular y del tejido conjuntivo
760,M54,Enfermedades del sistema osteomuscular y del tejido conjuntivo
761,M60,Enfermedades del sistema osteomuscular y del tejido conjuntivo
762,M61,Enfermedades del sistema osteomuscular y del tejido conjuntivo
763,M62,Enfermedades del sistema osteomuscular y del tejido conjuntivo
764,M65,Enfermedades del sistema osteomuscular y del tejido conjuntivo
765,M66,Enfermedades del sistema osteomuscular y del tejido conjuntivo
766,M67,Enfermedades del sistema osteomuscular y del tejido conjuntivo
767,M70,Enfermedades del sistema osteomuscular y del tejido conjuntivo
768,M71,Enfermedades del sistema osteomuscular y del tejido conjuntivo
769,M72,Enfermedades del sistema osteomuscular y del tejido conjuntivo
770,M76,Enfermedades del sistema osteomuscular y del tejido conjuntivo
771,M77,Enfermedades del sistema osteomuscular y del tejido conjuntivo
772,M79,Enfermedades del sistema osteomuscular y del tejido conjuntivo
773,M80,Enfermedades del sistema osteomuscular y del tejido conjuntivo
774,M81,Enfermedades del sistema osteomuscular y del tejido conjuntivo
775,M83,Enfermedades del sistema osteomuscular y del tejido conjuntivo
776,M84,Enfermedades del sistema osteomuscular y del tejido conjuntivo
777,M85,Enfermedades del sistema osteomuscular y del tejido conjuntivo
778,M86,Enfermedades del sistema osteomuscular y del tejido conjuntivo
779,M87,Enfermedades del sistema osteomuscular y del tejido conjuntivo
780,M88,Enfermedades del sistema osteomuscular y del tejido conjuntivo
781,M89,Enfermedades del sistema osteomuscular y del tejido conjuntivo
782,M91,Enfermedades del sistema osteomuscular y del tejido conjuntivo
783,M92,Enfermedades del sistema osteomuscular y del tejido conjuntivo
784,M93,Enfermedades del sistema osteomuscular y del tejido conjuntivo
785,M94,Enfermedades del sistema osteomuscular y del tejido conjuntivo
786,M95,Enfermedades del sistema osteomuscular y del tejido conjuntivo
787,M99,Enfermedades del sistema osteomuscular y del tejido conjuntivo
788,N00,Enfermedades del sistema genitourinario 
789,N01,Enfermedades del sistema genitourinario 
790,N02,Enfermedades del sistema genitourinario 
791,N03,Enfermedades del sistema genitourinario 
792,N04,Enfermedades del sistema genitourinario 
793,N05,Enfermedades del sistema genitourinario 
794,N06,Enfermedades del sistema genitourinario 
795,N07,Enfermedades del sistema genitourinario 
796,N10,Enfermedades del sistema genitourinario 
797,N11,Enfermedades del sistema genitourinario 
798,N12,Enfermedades del sistema genitourinario 
799,N13,Enfermedades del sistema genitourinario 
800,N14,Enfermedades del sistema genitourinario 
801,N15,Enfermedades del sistema genitourinario 
802,N17,Enfermedades del sistema genitourinario 
803,N18,Enfermedades del sistema genitourinario 
804,N19,Enfermedades del sistema genitourinario 
805,N20,Enfermedades del sistema genitourinario 
806,N21,Enfermedades del sistema genitourinario 
807,N23,Enfermedades del sistema genitourinario 
808,N25,Enfermedades del sistema genitourinario 
809,N26,Enfermedades del sistema genitourinario 
810,N27,Enfermedades del sistema genitourinario 
811,N28,Enfermedades del sistema genitourinario 
812,N30,Enfermedades del sistema genitourinario 
813,N31,Enfermedades del sistema genitourinario 
814,N32,Enfermedades del sistema genitourinario 
815,N34,Enfermedades del sistema genitourinario 
816,N35,Enfermedades del sistema genitourinario 
817,N36,Enfermedades del sistema genitourinario 
818,N39,Enfermedades del sistema genitourinario 
819,N40,Enfermedades del sistema genitourinario 
820,N41,Enfermedades del sistema genitourinario 
821,N42,Enfermedades del sistema genitourinario 
822,N43,Enfermedades del sistema genitourinario 
823,N45,Enfermedades del sistema genitourinario 
824,N47,Enfermedades del sistema genitourinario 
825,N48,Enfermedades del sistema genitourinario 
826,N49,Enfermedades del sistema genitourinario 
827,N50,Enfermedades del sistema genitourinario 
828,N60,Enfermedades del sistema genitourinario 
829,N61,Enfermedades del sistema genitourinario 
830,N62,Enfermedades del sistema genitourinario 
831,N63,Enfermedades del sistema genitourinario 
832,N64,Enfermedades del sistema genitourinario 
833,N70,Enfermedades del sistema genitourinario 
834,N71,Enfermedades del sistema genitourinario 
835,N72,Enfermedades del sistema genitourinario 
836,N73,Enfermedades del sistema genitourinario 
837,N76,Enfermedades del sistema genitourinario 
838,N80,Enfermedades del sistema genitourinario 
839,N81,Enfermedades del sistema genitourinario 
840,N82,Enfermedades del sistema genitourinario 
841,N83,Enfermedades del sistema genitourinario 
842,N84,Enfermedades del sistema genitourinario 
843,N85,Enfermedades del sistema genitourinario 
844,N87,Enfermedades del sistema genitourinario 
845,N88,Enfermedades del sistema genitourinario 
846,N89,Enfermedades del sistema genitourinario 
847,N90,Enfermedades del sistema genitourinario 
848,N92,Enfermedades del sistema genitourinario 
849,N93,Enfermedades del sistema genitourinario 
850,N94,Enfermedades del sistema genitourinario 
851,N95,Enfermedades del sistema genitourinario 
852,N98,Enfermedades del sistema genitourinario 
853,O00,"Embarazo, parto y puerperio "
854,O01,"Embarazo, parto y puerperio "
855,O02,"Embarazo, parto y puerperio "
856,O03,"Embarazo, parto y puerperio "
857,O04,"Embarazo, parto y puerperio "
858,O05,"Embarazo, parto y puerperio "
859,O06,"Embarazo, parto y puerperio "
860,O07,"Embarazo, parto y puerperio "
861,O10,"Embarazo, parto y puerperio "
862,O11,"Embarazo, parto y puerperio "
863,O13,"Embarazo, parto y puerperio "
864,O14,"Embarazo, parto y puerperio "
865,O15,"Embarazo, parto y puerperio "
866,O16,"Embarazo, parto y puerperio "
867,O20,"Embarazo, parto y puerperio "
868,O22,"Embarazo, parto y puerperio "
869,O23,"Embarazo, parto y puerperio "
870,O24,"Embarazo, parto y puerperio "
871,O25,"Embarazo, parto y puerperio "
872,O26,"Embarazo, parto y puerperio "
873,O29,"Embarazo, parto y puerperio "
874,O34,"Embarazo, parto y puerperio "
875,O35,"Embarazo, parto y puerperio "
876,O36,"Embarazo, parto y puerperio "
877,O41,"Embarazo, parto y puerperio "
878,O42,"Embarazo, parto y puerperio "
879,O43,"Embarazo, parto y puerperio "
880,O44,"Embarazo, parto y puerperio "
881,O45,"Embarazo, parto y puerperio "
882,O46,"Embarazo, parto y puerperio "
883,O60,"Embarazo, parto y puerperio "
884,O61,"Embarazo, parto y puerperio "
885,O62,"Embarazo, parto y puerperio "
886,O66,"Embarazo, parto y puerperio "
887,O67,"Embarazo, parto y puerperio "
888,O68,"Embarazo, parto y puerperio "
889,O69,"Embarazo, parto y puerperio "
890,O70,"Embarazo, parto y puerperio "
891,O71,"Embarazo, parto y puerperio "
892,O72,"Embarazo, parto y puerperio "
893,O73,"Embarazo, parto y puerperio "
894,O74,"Embarazo, parto y puerperio "
895,O75,"Embarazo, parto y puerperio "
896,O85,"Embarazo, parto y puerperio "
897,O86,"Embarazo, parto y puerperio "
898,O87,"Embarazo, parto y puerperio "
899,O88,"Embarazo, parto y puerperio "
900,O89,"Embarazo, parto y puerperio "
901,O90,"Embarazo, parto y puerperio "
902,O91,"Embarazo, parto y puerperio "
903,O95,"Embarazo, parto y puerperio "
904,O96,"Embarazo, parto y puerperio "
905,O97,"Embarazo, parto y puerperio "
906,O98,"Embarazo, parto y puerperio "
907,O99,"Embarazo, parto y puerperio "
908,P00,Afecciones originadas en el periodo perinatal 
909,P01,Afecciones originadas en el periodo perinatal 
910,P02,Afecciones originadas en el periodo perinatal 
911,P03,Afecciones originadas en el periodo perinatal 
912,P04,Afecciones originadas en el periodo perinatal 
913,P05,Afecciones originadas en el periodo perinatal 
914,P07,Afecciones originadas en el periodo perinatal 
915,P08,Afecciones originadas en el periodo perinatal 
916,P10,Afecciones originadas en el periodo perinatal 
917,P11,Afecciones originadas en el periodo perinatal 
918,P12,Afecciones originadas en el periodo perinatal 
919,P13,Afecciones originadas en el periodo perinatal 
920,P14,Afecciones originadas en el periodo perinatal 
921,P15,Afecciones originadas en el periodo perinatal 
922,P20,Afecciones originadas en el periodo perinatal 
923,P21,Afecciones originadas en el periodo perinatal 
924,P22,Afecciones originadas en el periodo perinatal 
925,P23,Afecciones originadas en el periodo perinatal 
926,P24,Afecciones originadas en el periodo perinatal 
927,P25,Afecciones originadas en el periodo perinatal 
928,P26,Afecciones originadas en el periodo perinatal 
929,P27,Afecciones originadas en el periodo perinatal 
930,P28,Afecciones originadas en el periodo perinatal 
931,P29,Afecciones originadas en el periodo perinatal 
932,P35,Afecciones originadas en el periodo perinatal 
933,P36,Afecciones originadas en el periodo perinatal 
934,P37,Afecciones originadas en el periodo perinatal 
935,P38,Afecciones originadas en el periodo perinatal 
936,P39,Afecciones originadas en el periodo perinatal 
937,P50,Afecciones originadas en el periodo perinatal 
938,P51,Afecciones originadas en el periodo perinatal 
939,P52,Afecciones originadas en el periodo perinatal 
940,P53,Afecciones originadas en el periodo perinatal 
941,P54,Afecciones originadas en el periodo perinatal 
942,P55,Afecciones originadas en el periodo perinatal 
943,P56,Afecciones originadas en el periodo perinatal 
944,P57,Afecciones originadas en el periodo perinatal 
945,P58,Afecciones originadas en el periodo perinatal 
946,P59,Afecciones originadas en el periodo perinatal 
947,P60,Afecciones originadas en el periodo perinatal 
948,P61,Afecciones originadas en el periodo perinatal 
949,P70,Afecciones originadas en el periodo perinatal 
950,P71,Afecciones originadas en el periodo perinatal 
951,P74,Afecciones originadas en el periodo perinatal 
952,P76,Afecciones originadas en el periodo perinatal 
953,P77,Afecciones originadas en el periodo perinatal 
954,P78,Afecciones originadas en el periodo perinatal 
955,P80,Afecciones originadas en el periodo perinatal 
956,P81,Afecciones originadas en el periodo perinatal 
957,P83,Afecciones originadas en el periodo perinatal 
958,P90,Afecciones originadas en el periodo perinatal 
959,P91,Afecciones originadas en el periodo perinatal 
960,P92,Afecciones originadas en el periodo perinatal 
961,P94,Afecciones originadas en el periodo perinatal 
962,P96,Afecciones originadas en el periodo perinatal 
963,Q00,"Malformaciones congénitas, deformidades y anomalías cromosómicas "
964,Q01,"Malformaciones congénitas, deformidades y anomalías cromosómicas "
965,Q02,"Malformaciones congénitas, deformidades y anomalías cromosómicas "
966,Q03,"Malformaciones congénitas, deformidades y anomalías cromosómicas "
967,Q04,"Malformaciones congénitas, deformidades y anomalías cromosómicas "
968,Q05,"Malformaciones congénitas, deformidades y anomalías cromosómicas "
969,Q06,"Malformaciones congénitas, deformidades y anomalías cromosómicas "
970,Q07,"Malformaciones congénitas, deformidades y anomalías cromosómicas "
971,Q12,"Malformaciones congénitas, deformidades y anomalías cromosómicas "
972,Q13,"Malformaciones congénitas, deformidades y anomalías cromosómicas "
973,Q14,"Malformaciones congénitas, deformidades y anomalías cromosómicas "
974,Q15,"Malformaciones congénitas, deformidades y anomalías cromosómicas "
975,Q16,"Malformaciones congénitas, deformidades y anomalías cromosómicas "
976,Q18,"Malformaciones congénitas, deformidades y anomalías cromosómicas "
977,Q20,"Malformaciones congénitas, deformidades y anomalías cromosómicas "
978,Q21,"Malformaciones congénitas, deformidades y anomalías cromosómicas "
979,Q22,"Malformaciones congénitas, deformidades y anomalías cromosómicas "
980,Q23,"Malformaciones congénitas, deformidades y anomalías cromosómicas "
981,Q24,"Malformaciones congénitas, deformidades y anomalías cromosómicas "
982,Q25,"Malformaciones congénitas, deformidades y anomalías cromosómicas "
983,Q26,"Malformaciones congénitas, deformidades y anomalías cromosómicas "
984,Q27,"Malformaciones congénitas, deformidades y anomalías cromosómicas "
985,Q28,"Malformaciones congénitas, deformidades y anomalías cromosómicas "
986,Q30,"Malformaciones congénitas, deformidades y anomalías cromosómicas "
987,Q31,"Malformaciones congénitas, deformidades y anomalías cromosómicas "
988,Q32,"Malformaciones congénitas, deformidades y anomalías cromosómicas "
989,Q33,"Malformaciones congénitas, deformidades y anomalías cromosómicas "
990,Q34,"Malformaciones congénitas, deformidades y anomalías cromosómicas "
991,Q35,"Malformaciones congénitas, deformidades y anomalías cromosómicas "
992,Q36,"Malformaciones congénitas, deformidades y anomalías cromosómicas "
993,Q37,"Malformaciones congénitas, deformidades y anomalías cromosómicas "
994,Q38,"Malformaciones congénitas, deformidades y anomalías cromosómicas "
995,Q39,"Malformaciones congénitas, deformidades y anomalías cromosómicas "
996,Q40,"Malformaciones congénitas, deformidades y anomalías cromosómicas "
997,Q41,"Malformaciones congénitas, deformidades y anomalías cromosómicas "
998,Q42,"Malformaciones congénitas, deformidades y anomalías cromosómicas "
999,Q43,"Malformaciones congénitas, deformidades y anomalías cromosómicas "
1000,Q44,"Malformaciones congénitas, deformidades y anomalías cromosómicas "
1001,Q45,"Malformaciones congénitas, deformidades y anomalías cromosómicas "
1002,Q52,"Malformaciones congénitas, deformidades y anomalías cromosómicas "
1003,Q53,"Malformaciones congénitas, deformidades y anomalías cromosómicas "
1004,Q54,"Malformaciones congénitas, deformidades y anomalías cromosómicas "
1005,Q55,"Malformaciones congénitas, deformidades y anomalías cromosómicas "
1006,Q56,"Malformaciones congénitas, deformidades y anomalías cromosómicas "
1007,Q60,"Malformaciones congénitas, deformidades y anomalías cromosómicas "
1008,Q61,"Malformaciones congénitas, deformidades y anomalías cromosómicas "
1009,Q62,"Malformaciones congénitas, deformidades y anomalías cromosómicas "
1010,Q63,"Malformaciones congénitas, deformidades y anomalías cromosómicas "
1011,Q64,"Malformaciones congénitas, deformidades y anomalías cromosómicas "
1012,Q65,"Malformaciones congénitas, deformidades y anomalías cromosómicas "
1013,Q67,"Malformaciones congénitas, deformidades y anomalías cromosómicas "
1014,Q68,"Malformaciones congénitas, deformidades y anomalías cromosómicas "
1015,Q71,"Malformaciones congénitas, deformidades y anomalías cromosómicas "
1016,Q72,"Malformaciones congénitas, deformidades y anomalías cromosómicas "
1017,Q74,"Malformaciones congénitas, deformidades y anomalías cromosómicas "
1018,Q75,"Malformaciones congénitas, deformidades y anomalías cromosómicas "
1019,Q76,"Malformaciones congénitas, deformidades y anomalías cromosómicas "
1020,Q77,"Malformaciones congénitas, deformidades y anomalías cromosómicas "
1021,Q78,"Malformaciones congénitas, deformidades y anomalías cromosómicas "
1022,Q79,"Malformaciones congénitas, deformidades y anomalías cromosómicas "
1023,Q80,"Malformaciones congénitas, deformidades y anomalías cromosómicas "
1024,Q81,"Malformaciones congénitas, deformidades y anomalías cromosómicas "
1025,Q82,"Malformaciones congénitas, deformidades y anomalías cromosómicas "
1026,Q83,"Malformaciones congénitas, deformidades y anomalías cromosómicas "
1027,Q84,"Malformaciones congénitas, deformidades y anomalías cromosómicas "
1028,Q85,"Malformaciones congénitas, deformidades y anomalías cromosómicas "
1029,Q86,"Malformaciones congénitas, deformidades y anomalías cromosómicas "
1030,Q87,"Malformaciones congénitas, deformidades y anomalías cromosómicas "
1031,Q89,"Malformaciones congénitas, deformidades y anomalías cromosómicas "
1032,Q90,"Malformaciones congénitas, deformidades y anomalías cromosómicas "
1033,Q91,"Malformaciones congénitas, deformidades y anomalías cromosómicas "
1034,Q92,"Malformaciones congénitas, deformidades y anomalías cromosómicas "
1035,Q93,"Malformaciones congénitas, deformidades y anomalías cromosómicas "
1036,Q96,"Malformaciones congénitas, deformidades y anomalías cromosómicas "
1037,Q97,"Malformaciones congénitas, deformidades y anomalías cromosómicas "
1038,Q98,"Malformaciones congénitas, deformidades y anomalías cromosómicas "
1039,Q99,"Malformaciones congénitas, deformidades y anomalías cromosómicas "
1040,R00,"Síntomas, signos y hallazgos anormales clínicos y de laboratorio, no clasificados en otra parte"
1041,R01,"Síntomas, signos y hallazgos anormales clínicos y de laboratorio, no clasificados en otra parte"
1042,R02,"Síntomas, signos y hallazgos anormales clínicos y de laboratorio, no clasificados en otra parte"
1043,R04,"Síntomas, signos y hallazgos anormales clínicos y de laboratorio, no clasificados en otra parte"
1044,R06,"Síntomas, signos y hallazgos anormales clínicos y de laboratorio, no clasificados en otra parte"
1045,R07,"Síntomas, signos y hallazgos anormales clínicos y de laboratorio, no clasificados en otra parte"
1046,R09,"Síntomas, signos y hallazgos anormales clínicos y de laboratorio, no clasificados en otra parte"
1047,R10,"Síntomas, signos y hallazgos anormales clínicos y de laboratorio, no clasificados en otra parte"
1048,R11,"Síntomas, signos y hallazgos anormales clínicos y de laboratorio, no clasificados en otra parte"
1049,R13,"Síntomas, signos y hallazgos anormales clínicos y de laboratorio, no clasificados en otra parte"
1050,R14,"Síntomas, signos y hallazgos anormales clínicos y de laboratorio, no clasificados en otra parte"
1051,R16,"Síntomas, signos y hallazgos anormales clínicos y de laboratorio, no clasificados en otra parte"
1052,R17,"Síntomas, signos y hallazgos anormales clínicos y de laboratorio, no clasificados en otra parte"
1053,R18,"Síntomas, signos y hallazgos anormales clínicos y de laboratorio, no clasificados en otra parte"
1054,R19,"Síntomas, signos y hallazgos anormales clínicos y de laboratorio, no clasificados en otra parte"
1055,R20,"Síntomas, signos y hallazgos anormales clínicos y de laboratorio, no clasificados en otra parte"
1056,R22,"Síntomas, signos y hallazgos anormales clínicos y de laboratorio, no clasificados en otra parte"
1057,R23,"Síntomas, signos y hallazgos anormales clínicos y de laboratorio, no clasificados en otra parte"
1058,R25,"Síntomas, signos y hallazgos anormales clínicos y de laboratorio, no clasificados en otra parte"
1059,R26,"Síntomas, signos y hallazgos anormales clínicos y de laboratorio, no clasificados en otra parte"
1060,R27,"Síntomas, signos y hallazgos anormales clínicos y de laboratorio, no clasificados en otra parte"
1061,R29,"Síntomas, signos y hallazgos anormales clínicos y de laboratorio, no clasificados en otra parte"
1062,R30,"Síntomas, signos y hallazgos anormales clínicos y de laboratorio, no clasificados en otra parte"
1063,R31,"Síntomas, signos y hallazgos anormales clínicos y de laboratorio, no clasificados en otra parte"
1064,R33,"Síntomas, signos y hallazgos anormales clínicos y de laboratorio, no clasificados en otra parte"
1065,R34,"Síntomas, signos y hallazgos anormales clínicos y de laboratorio, no clasificados en otra parte"
1066,R35,"Síntomas, signos y hallazgos anormales clínicos y de laboratorio, no clasificados en otra parte"
1067,R39,"Síntomas, signos y hallazgos anormales clínicos y de laboratorio, no clasificados en otra parte"
1068,R40,"Síntomas, signos y hallazgos anormales clínicos y de laboratorio, no clasificados en otra parte"
1069,R41,"Síntomas, signos y hallazgos anormales clínicos y de laboratorio, no clasificados en otra parte"
1070,R42,"Síntomas, signos y hallazgos anormales clínicos y de laboratorio, no clasificados en otra parte"
1071,R43,"Síntomas, signos y hallazgos anormales clínicos y de laboratorio, no clasificados en otra parte"
1072,R45,"Síntomas, signos y hallazgos anormales clínicos y de laboratorio, no clasificados en otra parte"
1073,R47,"Síntomas, signos y hallazgos anormales clínicos y de laboratorio, no clasificados en otra parte"
1074,R48,"Síntomas, signos y hallazgos anormales clínicos y de laboratorio, no clasificados en otra parte"
1075,R50,"Síntomas, signos y hallazgos anormales clínicos y de laboratorio, no clasificados en otra parte"
1076,R51,"Síntomas, signos y hallazgos anormales clínicos y de laboratorio, no clasificados en otra parte"
1077,R52,"Síntomas, signos y hallazgos anormales clínicos y de laboratorio, no clasificados en otra parte"
1078,R53,"Síntomas, signos y hallazgos anormales clínicos y de laboratorio, no clasificados en otra parte"
1079,R54,"Síntomas, signos y hallazgos anormales clínicos y de laboratorio, no clasificados en otra parte"
1080,R55,"Síntomas, signos y hallazgos anormales clínicos y de laboratorio, no clasificados en otra parte"
1081,R56,"Síntomas, signos y hallazgos anormales clínicos y de laboratorio, no clasificados en otra parte"
1082,R57,"Síntomas, signos y hallazgos anormales clínicos y de laboratorio, no clasificados en otra parte"
1083,R58,"Síntomas, signos y hallazgos anormales clínicos y de laboratorio, no clasificados en otra parte"
1084,R59,"Síntomas, signos y hallazgos anormales clínicos y de laboratorio, no clasificados en otra parte"
1085,R60,"Síntomas, signos y hallazgos anormales clínicos y de laboratorio, no clasificados en otra parte"
1086,R61,"Síntomas, signos y hallazgos anormales clínicos y de laboratorio, no clasificados en otra parte"
1087,R62,"Síntomas, signos y hallazgos anormales clínicos y de laboratorio, no clasificados en otra parte"
1088,R63,"Síntomas, signos y hallazgos anormales clínicos y de laboratorio, no clasificados en otra parte"
1089,R64,"Síntomas, signos y hallazgos anormales clínicos y de laboratorio, no clasificados en otra parte"
1090,R65,"Síntomas, signos y hallazgos anormales clínicos y de laboratorio, no clasificados en otra parte"
1091,R68,"Síntomas, signos y hallazgos anormales clínicos y de laboratorio, no clasificados en otra parte"
1092,R70,"Síntomas, signos y hallazgos anormales clínicos y de laboratorio, no clasificados en otra parte"
1093,R71,"Síntomas, signos y hallazgos anormales clínicos y de laboratorio, no clasificados en otra parte"
1094,R72,"Síntomas, signos y hallazgos anormales clínicos y de laboratorio, no clasificados en otra parte"
1095,R73,"Síntomas, signos y hallazgos anormales clínicos y de laboratorio, no clasificados en otra parte"
1096,R74,"Síntomas, signos y hallazgos anormales clínicos y de laboratorio, no clasificados en otra parte"
1097,R76,"Síntomas, signos y hallazgos anormales clínicos y de laboratorio, no clasificados en otra parte"
1098,R77,"Síntomas, signos y hallazgos anormales clínicos y de laboratorio, no clasificados en otra parte"
1099,R78,"Síntomas, signos y hallazgos anormales clínicos y de laboratorio, no clasificados en otra parte"
1100,R79,"Síntomas, signos y hallazgos anormales clínicos y de laboratorio, no clasificados en otra parte"
1101,R80,"Síntomas, signos y hallazgos anormales clínicos y de laboratorio, no clasificados en otra parte"
1102,R81,"Síntomas, signos y hallazgos anormales clínicos y de laboratorio, no clasificados en otra parte"
1103,R82,"Síntomas, signos y hallazgos anormales clínicos y de laboratorio, no clasificados en otra parte"
1104,R83,"Síntomas, signos y hallazgos anormales clínicos y de laboratorio, no clasificados en otra parte"
1105,R84,"Síntomas, signos y hallazgos anormales clínicos y de laboratorio, no clasificados en otra parte"
1106,R85,"Síntomas, signos y hallazgos anormales clínicos y de laboratorio, no clasificados en otra parte"
1107,R86,"Síntomas, signos y hallazgos anormales clínicos y de laboratorio, no clasificados en otra parte"
1108,R87,"Síntomas, signos y hallazgos anormales clínicos y de laboratorio, no clasificados en otra parte"
1109,R89,"Síntomas, signos y hallazgos anormales clínicos y de laboratorio, no clasificados en otra parte"
1110,R90,"Síntomas, signos y hallazgos anormales clínicos y de laboratorio, no clasificados en otra parte"
1111,R91,"Síntomas, signos y hallazgos anormales clínicos y de laboratorio, no clasificados en otra parte"
1112,R92,"Síntomas, signos y hallazgos anormales clínicos y de laboratorio, no clasificados en otra parte"
1113,R93,"Síntomas, signos y hallazgos anormales clínicos y de laboratorio, no clasificados en otra parte"
1114,R94,"Síntomas, signos y hallazgos anormales clínicos y de laboratorio, no clasificados en otra parte"
1115,R95,"Síntomas, signos y hallazgos anormales clínicos y de laboratorio, no clasificados en otra parte"
1116,R96,"Síntomas, signos y hallazgos anormales clínicos y de laboratorio, no clasificados en otra parte"
1117,R97,"Síntomas, signos y hallazgos anormales clínicos y de laboratorio, no clasificados en otra parte"
1118,R98,"Síntomas, signos y hallazgos anormales clínicos y de laboratorio, no clasificados en otra parte"
1119,R99,"Síntomas, signos y hallazgos anormales clínicos y de laboratorio, no clasificados en otra parte"
1120,U07,COVID-19
1121,U10,COVID-19
1122,U12,COVID-19
1123,V01,Accidentes y causas externas
1124,V02,Accidentes y causas externas
1125,V03,Accidentes y causas externas
1126,V04,Accidentes y causas externas
1127,V05,Accidentes y causas externas
1128,V06,Accidentes y causas externas
1129,V09,Accidentes y causas externas
1130,V10,Accidentes y causas externas
1131,V11,Accidentes y causas externas
1132,V12,Accidentes y causas externas
1133,V13,Accidentes y causas externas
1134,V14,Accidentes y causas externas
1135,V15,Accidentes y causas externas
1136,V16,Accidentes y causas externas
1137,V17,Accidentes y causas externas
1138,V18,Accidentes y causas externas
1139,V19,Accidentes y causas externas
1140,V20,Accidentes y causas externas
1141,V21,Accidentes y causas externas
1142,V22,Accidentes y causas externas
1143,V23,Accidentes y causas externas
1144,V24,Accidentes y causas externas
1145,V25,Accidentes y causas externas
1146,V26,Accidentes y causas externas
1147,V27,Accidentes y causas externas
1148,V28,Accidentes y causas externas
1149,V29,Accidentes y causas externas
1150,V30,Accidentes y causas externas
1151,V31,Accidentes y causas externas
1152,V32,Accidentes y causas externas
1153,V33,Accidentes y causas externas
1154,V34,Accidentes y causas externas
1155,V37,Accidentes y causas externas
1156,V38,Accidentes y causas externas
1157,V39,Accidentes y causas externas
1158,V40,Accidentes y causas externas
1159,V41,Accidentes y causas externas
1160,V42,Accidentes y causas externas
1161,V43,Accidentes y causas externas
1162,V44,Accidentes y causas externas
1163,V45,Accidentes y causas externas
1164,V46,Accidentes y causas externas
1165,V47,Accidentes y causas externas
1166,V48,Accidentes y causas externas
1167,V49,Accidentes y causas externas
1168,V50,Accidentes y causas externas
1169,V51,Accidentes y causas externas
1170,V52,Accidentes y causas externas
1171,V53,Accidentes y causas externas
1172,V54,Accidentes y causas externas
1173,V55,Accidentes y causas externas
1174,V56,Accidentes y causas externas
1175,V57,Accidentes y causas externas
1176,V58,Accidentes y causas externas
1177,V59,Accidentes y causas externas
1178,V60,Accidentes y causas externas
1179,V62,Accidentes y causas externas
1180,V63,Accidentes y causas externas
1181,V64,Accidentes y causas externas
1182,V65,Accidentes y causas externas
1183,V66,Accidentes y causas externas
1184,V67,Accidentes y causas externas
1185,V68,Accidentes y causas externas
1186,V69,Accidentes y causas externas
1187,V70,Accidentes y causas externas
1188,V71,Accidentes y causas externas
1189,V72,Accidentes y causas externas
1190,V73,Accidentes y causas externas
1191,V74,Accidentes y causas externas
1192,V75,Accidentes y causas externas
1193,V76,Accidentes y causas externas
1194,V77,Accidentes y causas externas
1195,V78,Accidentes y causas externas
1196,V79,Accidentes y causas externas
1197,V80,Accidentes y causas externas
1198,V81,Accidentes y causas externas
1199,V82,Accidentes y causas externas
1200,V83,Accidentes y causas externas
1201,V84,Accidentes y causas externas
1202,V85,Accidentes y causas externas
1203,V86,Accidentes y causas externas
1204,V87,Accidentes y causas externas
1205,V88,Accidentes y causas externas
1206,V89,Accidentes y causas externas
1207,V90,Accidentes y causas externas
1208,V91,Accidentes y causas externas
1209,V92,Accidentes y causas externas
1210,V93,Accidentes y causas externas
1211,V94,Accidentes y causas externas
1212,V95,Accidentes y causas externas
1213,V96,Accidentes y causas externas
1214,V97,Accidentes y causas externas
1215,V98,Accidentes y causas externas
1216,V99,Accidentes y causas externas
1217,W00,Accidentes y causas externas
1218,W01,Accidentes y causas externas
1219,W02,Accidentes y causas externas
1220,W03,Accidentes y causas externas
1221,W04,Accidentes y causas externas
1222,W05,Accidentes y causas externas
1223,W06,Accidentes y causas externas
1224,W07,Accidentes y causas externas
1225,W08,Accidentes y causas externas
1226,W09,Accidentes y causas externas
1227,W10,Accidentes y causas externas
1228,W11,Accidentes y causas externas
1229,W12,Accidentes y causas externas
1230,W13,Accidentes y causas externas
1231,W14,Accidentes y causas externas
1232,W15,Accidentes y causas externas
1233,W16,Accidentes y causas externas
1234,W17,Accidentes y causas externas
1235,W18,Accidentes y causas externas
1236,W19,Accidentes y causas externas
1237,W20,Accidentes y causas externas
1238,W21,Accidentes y causas externas
1239,W22,Accidentes y causas externas
1240,W23,Accidentes y causas externas
1241,W24,Accidentes y causas externas
1242,W25,Accidentes y causas externas
1243,W26,Accidentes y causas externas
1244,W27,Accidentes y causas externas
1245,W28,Accidentes y causas externas
1246,W29,Accidentes y causas externas
1247,W30,Accidentes y causas externas
1248,W31,Accidentes y causas externas
1249,W32,Accidentes y causas externas
1250,W33,Accidentes y causas externas
1251,W34,Accidentes y causas externas
1252,W35,Accidentes y causas externas
1253,W36,Accidentes y causas externas
1254,W37,Accidentes y causas externas
1255,W38,Accidentes y causas externas
1256,W39,Accidentes y causas externas
1257,W40,Accidentes y causas externas
1258,W41,Accidentes y causas externas
1259,W43,Accidentes y causas externas
1260,W44,Accidentes y causas externas
1261,W45,Accidentes y causas externas
1262,W49,Accidentes y causas externas
1263,W50,Accidentes y causas externas
1264,W51,Accidentes y causas externas
1265,W52,Accidentes y causas externas
1266,W54,Accidentes y causas externas
1267,W55,Accidentes y causas externas
1268,W57,Accidentes y causas externas
1269,W58,Accidentes y causas externas
1270,W59,Accidentes y causas externas
1271,W60,Accidentes y causas externas
1272,W64,Accidentes y causas externas
1273,W65,Accidentes y causas externas
1274,W66,Accidentes y causas externas
1275,W67,Accidentes y causas externas
1276,W68,Accidentes y causas externas
1277,W69,Accidentes y causas externas
1278,W70,Accidentes y causas externas
1279,W73,Accidentes y causas externas
1280,W74,Accidentes y causas externas
1281,W75,Accidentes y causas externas
1282,W76,Accidentes y causas externas
1283,W77,Accidentes y causas externas
1284,W78,Accidentes y causas externas
1285,W79,Accidentes y causas externas
1286,W80,Accidentes y causas externas
1287,W81,Accidentes y causas externas
1288,W83,Accidentes y causas externas
1289,W84,Accidentes y causas externas
1290,W85,Accidentes y causas externas
1291,W86,Accidentes y causas externas
1292,W87,Accidentes y causas externas
1293,W88,Accidentes y causas externas
1294,W89,Accidentes y causas externas
1295,W91,Accidentes y causas externas
1296,W92,Accidentes y causas externas
1297,W94,Accidentes y causas externas
1298,X00,Accidentes y causas externas
1299,X01,Accidentes y causas externas
1300,X02,Accidentes y causas externas
1301,X03,Accidentes y causas externas
1302,X04,Accidentes y causas externas
1303,X05,Accidentes y causas externas
1304,X06,Accidentes y causas externas
1305,X08,Accidentes y causas externas
1306,X09,Accidentes y causas externas
1307,X10,Accidentes y causas externas
1308,X11,Accidentes y causas externas
1309,X12,Accidentes y causas externas
1310,X13,Accidentes y causas externas
1311,X14,Accidentes y causas externas
1312,X15,Accidentes y causas externas
1313,X16,Accidentes y causas externas
1314,X17,Accidentes y causas externas
1315,X18,Accidentes y causas externas
1316,X19,Accidentes y causas externas
1317,X20,Accidentes y causas externas
1318,X21,Accidentes y causas externas
1319,X22,Accidentes y causas externas
1320,X23,Accidentes y causas externas
1321,X24,Accidentes y causas externas
1322,X25,Accidentes y causas externas
1323,X26,Accidentes y causas externas
1324,X27,Accidentes y causas externas
1325,X28,Accidentes y causas externas
1326,X29,Accidentes y causas externas
1327,X30,Accidentes y causas externas
1328,X31,Accidentes y causas externas
1329,X32,Accidentes y causas externas
1330,X33,Accidentes y causas externas
1331,X34,Accidentes y causas externas
1332,X35,Accidentes y causas externas
1333,X36,Accidentes y causas externas
1334,X37,Accidentes y causas externas
1335,X38,Accidentes y causas externas
1336,X39,Accidentes y causas externas
1337,X40,Accidentes y causas externas
1338,X41,Accidentes y causas externas
1339,X42,Accidentes y causas externas
1340,X43,Accidentes y causas externas
1341,X44,Accidentes y causas externas
1342,X45,Accidentes y causas externas
1343,X46,Accidentes y causas externas
1344,X47,Accidentes y causas externas
1345,X48,Accidentes y causas externas
1346,X49,Accidentes y causas externas
1347,X50,Accidentes y causas externas
1348,X51,Accidentes y causas externas
1349,X52,Accidentes y causas externas
1350,X53,Accidentes y causas externas
1351,X54,Accidentes y causas externas
1352,X57,Accidentes y causas externas
1353,X58,Accidentes y causas externas
1354,X59,Accidentes y causas externas
1355,X60,Accidentes y causas externas
1356,X61,Accidentes y causas externas
1357,X62,Accidentes y causas externas
1358,X63,Accidentes y causas externas
1359,X64,Accidentes y causas externas
1360,X65,Accidentes y causas externas
1361,X66,Accidentes y causas externas
1362,X67,Accidentes y causas externas
1363,X68,Accidentes y causas externas
1364,X69,Accidentes y causas externas
1365,X70,Accidentes y causas externas
1366,X71,Accidentes y causas externas
1367,X72,Accidentes y causas externas
1368,X73,Accidentes y causas externas
1369,X74,Accidentes y causas externas
1370,X75,Accidentes y causas externas
1371,X76,Accidentes y causas externas
1372,X77,Accidentes y causas externas
1373,X78,Accidentes y causas externas
1374,X79,Accidentes y causas externas
1375,X80,Accidentes y causas externas
1376,X81,Accidentes y causas externas
1377,X82,Accidentes y causas externas
1378,X83,Accidentes y causas externas
1379,X84,Accidentes y causas externas
1380,X85,Accidentes y causas externas
1381,X86,Accidentes y causas externas
1382,X87,Accidentes y causas externas
1383,X88,Accidentes y causas externas
1384,X89,Accidentes y causas externas
1385,X90,Accidentes y causas externas
1386,X91,Accidentes y causas externas
1387,X92,Accidentes y causas externas
1388,X93,Accidentes y causas externas
1389,X94,Accidentes y causas externas
1390,X95,Accidentes y causas externas
1391,X96,Accidentes y causas externas
1392,X97,Accidentes y causas externas
1393,X98,Accidentes y causas externas
1394,X99,Accidentes y causas externas
1395,Y00,Accidentes y causas externas
1396,Y01,Accidentes y causas externas
1397,Y02,Accidentes y causas externas
1398,Y03,Accidentes y causas externas
1399,Y04,Accidentes y causas externas
1400,Y05,Accidentes y causas externas
1401,Y06,Accidentes y causas externas
1402,Y07,Accidentes y causas externas
1403,Y08,Accidentes y causas externas
1404,Y09,Accidentes y causas externas
1405,Y10,Accidentes y causas externas
1406,Y11,Accidentes y causas externas
1407,Y12,Accidentes y causas externas
1408,Y13,Accidentes y causas externas
1409,Y14,Accidentes y causas externas
1410,Y15,Accidentes y causas externas
1411,Y16,Accidentes y causas externas
1412,Y17,Accidentes y causas externas
1413,Y18,Accidentes y causas externas
1414,Y19,Accidentes y causas externas
1415,Y20,Accidentes y causas externas
1416,Y21,Accidentes y causas externas
1417,Y22,Accidentes y causas externas
1418,Y23,Accidentes y causas externas
1419,Y24,Accidentes y causas externas
1420,Y25,Accidentes y causas externas
1421,Y26,Accidentes y causas externas
1422,Y27,Accidentes y causas externas
1423,Y28,Accidentes y causas externas
1424,Y29,Accidentes y causas externas
1425,Y30,Accidentes y causas externas
1426,Y31,Accidentes y causas externas
1427,Y32,Accidentes y causas externas
1428,Y33,Accidentes y causas externas
1429,Y34,Accidentes y causas externas
1430,Y35,Accidentes y causas externas
1431,Y36,Accidentes y causas externas
1432,Y40,Accidentes y causas externas
1433,Y41,Accidentes y causas externas
1434,Y42,Accidentes y causas externas
1435,Y43,Accidentes y causas externas
1436,Y44,Accidentes y causas externas
1437,Y45,Accidentes y causas externas
1438,Y46,Accidentes y causas externas
1439,Y47,Accidentes y causas externas
1440,Y48,Accidentes y causas externas
1441,Y49,Accidentes y causas externas
1442,Y50,Accidentes y causas externas
1443,Y51,Accidentes y causas externas
1444,Y52,Accidentes y causas externas
1445,Y53,Accidentes y causas externas
1446,Y54,Accidentes y causas externas
1447,Y55,Accidentes y causas externas
1448,Y56,Accidentes y causas externas
1449,Y57,Accidentes y causas externas
1450,Y59,Accidentes y causas externas
1451,Y60,Accidentes y causas externas
1452,Y61,Accidentes y causas externas
1453,Y62,Accidentes y causas externas
1454,Y63,Accidentes y causas externas
1455,Y64,Accidentes y causas externas
1456,Y65,Accidentes y causas externas
1457,Y69,Accidentes y causas externas
1458,Y70,Accidentes y causas externas
1459,Y71,Accidentes y causas externas
1460,Y73,Accidentes y causas externas
1461,Y74,Accidentes y causas externas
1462,Y75,Accidentes y causas externas
1463,Y76,Accidentes y causas externas
1464,Y79,Accidentes y causas externas
1465,Y80,Accidentes y causas externas
1466,Y81,Accidentes y causas externas
1467,Y82,Accidentes y causas externas
1468,Y83,Accidentes y causas externas
1469,Y84,Accidentes y causas externas
1470,Y85,Accidentes y causas externas
1471,Y86,Accidentes y causas externas
1472,Y87,Accidentes y causas externas
1473,Y88,Accidentes y causas externas
1474,Y89,Accidentes y causas externas
